-3.686265624999999879e+00,-4.242937500000000028e+00,-3.721578125000000181e+00
-3.687140625000000060e+00,-4.244406249999999936e+00,-3.723812500000000192e+00
-3.688109375000000245e+00,-4.242312499999999709e+00,-3.723531250000000181e+00
-3.689281250000000068e+00,-4.242484375000000085e+00,-3.722687500000000149e+00
-3.689734375000000011e+00,-4.242265624999999929e+00,-3.723906250000000195e+00
-3.692750000000000199e+00,-4.241125000000000256e+00,-3.724968749999999940e+00
-3.695124999999999993e+00,-4.242515625000000234e+00,-3.727312500000000028e+00
0.000000000000000000e+00,-4.243140624999999666e+00,-3.729312500000000252e+00
0.000000000000000000e+00,-4.244281250000000227e+00,-3.730968750000000167e+00
-3.702125000000000110e+00,-4.245140625000000334e+00,-3.732921875000000167e+00
-3.703171875000000224e+00,-4.244906249999999659e+00,-3.735187499999999883e+00
0.000000000000000000e+00,-4.244140625000000000e+00,-3.734671875000000085e+00
0.000000000000000000e+00,-4.244546875000000163e+00,-3.735359375000000259e+00
-3.707015624999999925e+00,-4.246593749999999723e+00,-3.737406250000000263e+00
-3.706812500000000288e+00,-4.246531250000000313e+00,-3.740046874999999993e+00
0.000000000000000000e+00,-4.245406250000000270e+00,-3.742624999999999869e+00
0.000000000000000000e+00,-4.245625000000000426e+00,-3.742875000000000174e+00
-3.708953125000000295e+00,-4.247718749999999766e+00,-3.748718750000000099e+00
-3.709640625000000025e+00,-4.245687499999999837e+00,-3.748406249999999940e+00
-3.708578125000000281e+00,-4.246171874999999929e+00,-3.749249999999999972e+00
-3.706140625000000188e+00,-4.245765624999999766e+00,-3.750453124999999943e+00
0.000000000000000000e+00,-4.244312500000000377e+00,-3.750343749999999865e+00
-3.704750000000000210e+00,-4.245250000000000412e+00,-3.750656250000000025e+00
-3.702500000000000124e+00,-4.245656249999999687e+00,-3.754265624999999940e+00
-3.701078124999999996e+00,-4.244203125000000298e+00,-3.752609375000000025e+00
-3.696328124999999964e+00,-4.244718749999999652e+00,-3.754359374999999943e+00
-3.694718750000000274e+00,-4.242515625000000234e+00,-3.756343750000000092e+00
-3.693171874999999993e+00,-4.242562500000000014e+00,-3.758624999999999883e+00
-3.691031249999999986e+00,-4.240828125000000171e+00,-3.762375000000000025e+00
-3.690078124999999876e+00,-4.242203125000000519e+00,-3.763140625000000128e+00
-3.688265625000000103e+00,-4.242406250000000156e+00,-3.762765625000000114e+00
-3.685624999999999929e+00,-4.242062500000000291e+00,-3.765906250000000011e+00
0.000000000000000000e+00,-4.241796875000000355e+00,-3.768124999999999947e+00
-3.679718750000000149e+00,-4.242593750000000163e+00,-3.770046875000000242e+00
-3.676437500000000025e+00,-4.242484375000000085e+00,-3.769203125000000210e+00
-3.672140624999999936e+00,-4.242859375000000099e+00,-3.768625000000000114e+00
-3.669078124999999968e+00,-4.242609374999999794e+00,-3.766750000000000043e+00
0.000000000000000000e+00,-4.242312499999999709e+00,-3.770937500000000053e+00
0.000000000000000000e+00,-4.243078125000000256e+00,-3.772218749999999954e+00
0.000000000000000000e+00,-4.243890624999999694e+00,-3.771734374999999861e+00
0.000000000000000000e+00,-4.243359374999999822e+00,-3.773703124999999936e+00
-3.655750000000000277e+00,-4.244468750000000234e+00,-3.775281249999999922e+00
-3.653000000000000025e+00,-4.243156250000000185e+00,-3.774234375000000252e+00
0.000000000000000000e+00,-4.242874999999999730e+00,-3.774328125000000256e+00
0.000000000000000000e+00,-4.243953124999999993e+00,-3.772828125000000199e+00
-3.644937500000000163e+00,-4.245625000000000426e+00,-3.772703125000000046e+00
-3.641984375000000274e+00,-4.246125000000000149e+00,-3.774046875000000245e+00
0.000000000000000000e+00,-4.245765624999999766e+00,-3.771390624999999996e+00
-3.638515625000000142e+00,-4.246031249999999702e+00,-3.769750000000000156e+00
-3.634359375000000281e+00,-4.248406250000000384e+00,-3.769609374999999929e+00
0.000000000000000000e+00,-4.248000000000000220e+00,-3.769375000000000142e+00
0.000000000000000000e+00,-4.249062499999999964e+00,-3.768250000000000099e+00
-3.629671875000000103e+00,-4.252171875000000156e+00,-3.767218750000000060e+00
-3.628468750000000131e+00,-4.252203125000000306e+00,-3.762640624999999961e+00
-3.625500000000000167e+00,-4.253203124999999751e+00,-3.762343749999999876e+00
-3.623156250000000078e+00,-4.254218749999999716e+00,-3.757140624999999901e+00
0.000000000000000000e+00,-4.254046875000000227e+00,-3.755859375000000000e+00
0.000000000000000000e+00,-4.256218750000000384e+00,-3.754312500000000163e+00
0.000000000000000000e+00,-4.257875000000000298e+00,-3.750906249999999886e+00
0.000000000000000000e+00,-4.258484375000000099e+00,-3.748390624999999865e+00
-3.620203125000000188e+00,-4.260203125000000313e+00,-3.745765625000000210e+00
-3.619546875000000163e+00,-4.261156249999999979e+00,-3.745890624999999918e+00
-3.619281250000000227e+00,-4.261828125000000078e+00,-3.744031249999999922e+00
-3.618562499999999904e+00,-4.262328124999999801e+00,-3.742359374999999932e+00
-3.619031249999999922e+00,-4.262937500000000490e+00,-3.739749999999999908e+00
-3.618656249999999908e+00,-4.263640624999999851e+00,-3.739171875000000256e+00
0.000000000000000000e+00,-4.263046874999999680e+00,-3.736124999999999918e+00
0.000000000000000000e+00,-4.263765625000000448e+00,-3.733906249999999982e+00
0.000000000000000000e+00,-4.265562499999999702e+00,-3.734359374999999925e+00
-3.620890624999999918e+00,-4.264890625000000490e+00,-3.733859375000000203e+00
-3.621390625000000085e+00,-4.265249999999999986e+00,-3.734468750000000004e+00
-3.621984375000000256e+00,-4.264343750000000099e+00,-3.734203125000000068e+00
-3.622859374999999993e+00,-4.263921875000000306e+00,-3.735062500000000174e+00
0.000000000000000000e+00,-4.263703125000000149e+00,-3.734875000000000167e+00
-3.624781250000000288e+00,-4.262187500000000462e+00,-3.736187500000000217e+00
-3.625640624999999950e+00,-4.262546874999999957e+00,-3.736546875000000156e+00
0.000000000000000000e+00,-4.261375000000000135e+00,-3.739640625000000274e+00
0.000000000000000000e+00,-4.259531250000000213e+00,-3.738375000000000004e+00
-3.628046874999999893e+00,-4.260046875000000455e+00,-3.740843750000000245e+00
-3.627781249999999957e+00,-4.258046874999999787e+00,-3.740093750000000217e+00
-3.629234375000000234e+00,-4.256390624999999872e+00,-3.743312500000000043e+00
-3.628734375000000068e+00,-4.255640624999999844e+00,-3.745953125000000217e+00
0.000000000000000000e+00,-4.253515625000000355e+00,-3.746546874999999943e+00
0.000000000000000000e+00,-4.252562499999999801e+00,-3.744609375000000018e+00
0.000000000000000000e+00,-4.251390624999999979e+00,-3.748421875000000014e+00
-3.631656250000000252e+00,-4.249718750000000433e+00,-3.748734375000000174e+00
-3.632671875000000217e+00,-4.248062500000000519e+00,-3.751921875000000295e+00
-3.632484375000000210e+00,-4.246906250000000327e+00,-3.751906250000000220e+00
-3.633703125000000256e+00,-4.245140625000000334e+00,-3.750515625000000242e+00
0.000000000000000000e+00,-4.243671875000000426e+00,-3.752062500000000078e+00
-3.635890625000000043e+00,-4.242218750000000149e+00,-3.753968750000000298e+00
-3.636218750000000277e+00,-4.241656250000000128e+00,-3.753687500000000288e+00
0.000000000000000000e+00,-4.239703125000000128e+00,-3.753593750000000284e+00
0.000000000000000000e+00,-4.238671874999999645e+00,-3.752343750000000089e+00
0.000000000000000000e+00,-4.238312500000000149e+00,-3.752124999999999932e+00
-3.640718750000000004e+00,-4.236484374999999858e+00,-3.750531249999999872e+00
-3.642125000000000057e+00,-4.236765625000000313e+00,-3.750875000000000181e+00
-3.641921874999999975e+00,-4.235515624999999673e+00,-3.752828125000000181e+00
-3.644015625000000203e+00,-4.233218749999999808e+00,-3.753062499999999968e+00
0.000000000000000000e+00,-4.232124999999999915e+00,-3.753046874999999893e+00
-3.651343750000000110e+00,-4.233062499999999950e+00,-3.752953124999999890e+00
-3.653765625000000128e+00,-4.234203125000000512e+00,-3.754187500000000011e+00
-3.656046874999999918e+00,-4.233812499999999979e+00,-3.755703125000000142e+00
-3.658218750000000075e+00,-4.232921874999999723e+00,-3.757500000000000284e+00
0.000000000000000000e+00,-4.231281250000000327e+00,-3.758062499999999861e+00
-3.665406250000000199e+00,-4.235562500000000341e+00,-3.760937500000000266e+00
-3.668656250000000174e+00,-4.234546875000000377e+00,-3.762078124999999940e+00
0.000000000000000000e+00,-4.235843749999999908e+00,-3.762531249999999883e+00
0.000000000000000000e+00,-4.235546874999999822e+00,-3.760781249999999964e+00
-3.679984375000000085e+00,-4.236984375000000469e+00,-3.760593749999999957e+00
-3.684218749999999876e+00,-4.238312500000000149e+00,-3.761968749999999861e+00
-3.686531250000000259e+00,-4.239140625000000107e+00,-3.759328125000000131e+00
-3.690562499999999968e+00,-4.239984374999999694e+00,-3.758609375000000252e+00
0.000000000000000000e+00,-4.242468750000000455e+00,-3.759312500000000057e+00
-3.696843750000000206e+00,-4.243421875000000121e+00,-3.757015625000000192e+00
-3.698749999999999982e+00,-4.246437499999999865e+00,-3.755984375000000153e+00
0.000000000000000000e+00,-4.247031250000000036e+00,-3.753828125000000071e+00
-3.705546875000000018e+00,-4.248671875000000320e+00,-3.753281250000000124e+00
-3.706765625000000064e+00,-4.251156250000000192e+00,-3.754312500000000163e+00
0.000000000000000000e+00,-4.252015625000000298e+00,-3.753703124999999918e+00
0.000000000000000000e+00,-4.252046875000000448e+00,-3.752953124999999890e+00
0.000000000000000000e+00,-4.256796875000000036e+00,-3.755312500000000053e+00
-3.716984375000000007e+00,-4.256109375000000306e+00,-3.756234375000000014e+00
-3.719718750000000185e+00,-4.258421874999999801e+00,-3.755671874999999993e+00
-3.717093750000000085e+00,-4.260968749999999972e+00,-3.759265625000000277e+00
0.000000000000000000e+00,-4.259562500000000362e+00,-3.756890625000000039e+00
-3.720906250000000082e+00,-4.260625000000000107e+00,-3.755890625000000149e+00
-3.719640625000000256e+00,-4.263937499999999936e+00,-3.754906249999999890e+00
0.000000000000000000e+00,-4.263843750000000377e+00,-3.750578125000000096e+00
0.000000000000000000e+00,-4.265031249999999829e+00,-3.747187499999999893e+00
-3.717968750000000266e+00,-4.266390624999999659e+00,-3.747515625000000128e+00
-3.716281250000000203e+00,-4.267359374999999844e+00,-3.747140625000000114e+00
0.000000000000000000e+00,-4.268578125000000334e+00,-3.742734374999999947e+00
-3.714515625000000210e+00,-4.267500000000000071e+00,-3.739781250000000057e+00
-3.710625000000000284e+00,-4.270359374999999957e+00,-3.738609375000000234e+00
0.000000000000000000e+00,-4.268859374999999901e+00,-3.736296875000000295e+00
0.000000000000000000e+00,-4.269718750000000007e+00,-3.735984375000000135e+00
0.000000000000000000e+00,-4.271500000000000519e+00,-3.738062500000000288e+00
0.000000000000000000e+00,-4.270171874999999950e+00,-3.735875000000000057e+00
-3.703125000000000000e+00,-4.269312499999999844e+00,-3.734765625000000089e+00
-3.700062500000000032e+00,-4.272265625000000178e+00,-3.736062500000000064e+00
0.000000000000000000e+00,-4.270265625000000398e+00,-3.734281249999999996e+00
0.000000000000000000e+00,-4.269265625000000064e+00,-3.736968749999999950e+00
-3.693734375000000014e+00,-4.270937500000000497e+00,-3.736843750000000242e+00
-3.691718750000000160e+00,-4.270406249999999737e+00,-3.737156249999999957e+00
-3.687515625000000075e+00,-4.269984374999999943e+00,-3.738718749999999869e+00
-3.684234374999999950e+00,-4.268703125000000043e+00,-3.740468750000000231e+00
0.000000000000000000e+00,-4.266953124999999680e+00,-3.739703125000000128e+00
-3.680421874999999954e+00,-4.267125000000000057e+00,-3.741125000000000256e+00
-3.676781249999999890e+00,-4.266796874999999822e+00,-3.743109374999999961e+00
0.000000000000000000e+00,-4.264906250000000121e+00,-3.742968750000000178e+00
-3.671437500000000131e+00,-4.263453124999999844e+00,-3.743828125000000284e+00
-3.667593749999999986e+00,-4.264546874999999737e+00,-3.746624999999999872e+00
0.000000000000000000e+00,-4.262328124999999801e+00,-3.749171875000000043e+00
0.000000000000000000e+00,-4.259968750000000526e+00,-3.749125000000000263e+00
0.000000000000000000e+00,-4.260843750000000263e+00,-3.753828125000000071e+00
-3.654984375000000174e+00,-4.259171874999999829e+00,-3.754796875000000256e+00
-3.652406249999999854e+00,-4.257749999999999702e+00,-3.754703125000000252e+00
-3.649109375000000099e+00,-4.257578125000000213e+00,-3.757234374999999904e+00
-3.645218750000000174e+00,-4.255234374999999680e+00,-3.755859375000000000e+00
0.000000000000000000e+00,-4.252546875000000171e+00,-3.753140624999999897e+00
-3.640000000000000124e+00,-4.252671874999999879e+00,-3.757375000000000131e+00
-3.636031250000000270e+00,-4.251531250000000206e+00,-3.757953125000000227e+00
0.000000000000000000e+00,-4.249718750000000433e+00,-3.760062500000000085e+00
0.000000000000000000e+00,-4.248890625000000476e+00,-3.758468750000000025e+00
-3.628718749999999993e+00,-4.248140625000000448e+00,-3.758843750000000039e+00
-3.626234375000000121e+00,-4.245984374999999922e+00,-3.759546875000000288e+00
0.000000000000000000e+00,-4.244546875000000163e+00,-3.759593750000000068e+00
-3.625046875000000224e+00,-4.243531250000000199e+00,-3.759125000000000050e+00
-3.622343750000000195e+00,-4.245656249999999687e+00,-3.761562500000000142e+00
-3.621328125000000231e+00,-4.243265625000000263e+00,-3.759203124999999979e+00
-3.620000000000000107e+00,-4.242343749999999858e+00,-3.759515625000000139e+00
0.000000000000000000e+00,-4.242453124999999936e+00,-3.758390625000000096e+00
-3.621640624999999947e+00,-4.243343750000000192e+00,-3.759796875000000149e+00
-3.620468750000000124e+00,-4.244265624999999709e+00,-3.759609375000000142e+00
0.000000000000000000e+00,-4.243437499999999751e+00,-3.759609375000000142e+00
-3.624000000000000110e+00,-4.243671875000000426e+00,-3.758375000000000021e+00
-3.624578125000000206e+00,-4.246796875000000249e+00,-3.761421874999999915e+00
-3.626515625000000131e+00,-4.245515625000000348e+00,-3.759687500000000071e+00
-3.628828125000000071e+00,-4.246015625000000071e+00,-3.759984375000000156e+00
0.000000000000000000e+00,-4.246937500000000476e+00,-3.759968750000000082e+00
0.000000000000000000e+00,-4.247031250000000036e+00,-3.759906250000000227e+00
-3.637999999999999901e+00,-4.249593749999999837e+00,-3.760921875000000192e+00
-3.640249999999999986e+00,-4.250781250000000178e+00,-3.756265625000000163e+00
0.000000000000000000e+00,-4.251703124999999694e+00,-3.753703124999999918e+00
0.000000000000000000e+00,-4.252546875000000171e+00,-3.753187500000000121e+00
0.000000000000000000e+00,-4.254750000000000476e+00,-3.751421875000000128e+00
0.000000000000000000e+00,-4.255484374999999986e+00,-3.750156249999999858e+00
-3.655421875000000043e+00,-4.257953125000000227e+00,-3.750578125000000096e+00
-3.659406249999999972e+00,-4.258578124999999659e+00,-3.749921875000000071e+00
-3.663250000000000117e+00,-4.260468750000000249e+00,-3.749796874999999918e+00
-3.666687500000000099e+00,-4.260812500000000114e+00,-3.749046874999999890e+00
0.000000000000000000e+00,-4.261265625000000057e+00,-3.748890625000000032e+00
0.000000000000000000e+00,-4.263781250000000078e+00,-3.749453125000000053e+00
0.000000000000000000e+00,-4.263765625000000448e+00,-3.747531250000000203e+00
0.000000000000000000e+00,-4.264734374999999744e+00,-3.748265625000000156e+00
0.000000000000000000e+00,-4.264843749999999822e+00,-3.747265625000000266e+00
0.000000000000000000e+00,-4.266093750000000462e+00,-3.745562500000000128e+00
-3.691062500000000135e+00,-4.266937500000000050e+00,-3.742859375000000099e+00
-3.693500000000000227e+00,-4.268781249999999972e+00,-3.740984375000000028e+00
0.000000000000000000e+00,-4.269609374999999929e+00,-3.739562499999999901e+00
-3.698343750000000263e+00,-4.268968749999999979e+00,-3.740765624999999872e+00
-3.700484375000000270e+00,-4.269968750000000313e+00,-3.740750000000000242e+00
0.000000000000000000e+00,-4.269468749999999702e+00,-3.739203124999999961e+00
-3.703796875000000099e+00,-4.270234375000000249e+00,-3.738203125000000071e+00
-3.705390625000000160e+00,-4.270812499999999901e+00,-3.738812499999999872e+00
-3.706671875000000060e+00,-4.270609375000000263e+00,-3.740140624999999996e+00
-3.707281249999999861e+00,-4.269921875000000533e+00,-3.740250000000000075e+00
-3.708515624999999982e+00,-4.269250000000000433e+00,-3.739265625000000259e+00
-3.708640625000000135e+00,-4.268281250000000249e+00,-3.739687500000000053e+00
0.000000000000000000e+00,-4.267187500000000355e+00,-3.740046874999999993e+00
0.000000000000000000e+00,-4.266984374999999829e+00,-3.742281250000000004e+00
-3.708468750000000203e+00,-4.266906249999999901e+00,-3.742171874999999925e+00
-3.705796874999999879e+00,-4.266703125000000263e+00,-3.744468750000000234e+00
-3.704968749999999922e+00,-4.265062499999999979e+00,-3.745140624999999890e+00
-3.703687500000000021e+00,-4.263921875000000306e+00,-3.746531249999999869e+00
-3.702203125000000039e+00,-4.262640625000000405e+00,-3.749968750000000295e+00
-3.699500000000000011e+00,-4.261593750000000291e+00,-3.751937499999999925e+00
-3.697750000000000092e+00,-4.258921875000000412e+00,-3.751281249999999901e+00
-3.694171874999999883e+00,-4.258874999999999744e+00,-3.752984375000000039e+00
0.000000000000000000e+00,-4.257046875000000341e+00,-3.755765624999999996e+00
-3.688312499999999883e+00,-4.256843749999999815e+00,-3.757312500000000277e+00
-3.684046874999999943e+00,-4.256562500000000249e+00,-3.757609374999999918e+00
-3.680671875000000259e+00,-4.254046875000000227e+00,-3.755625000000000213e+00
-3.676781249999999890e+00,-4.251796875000000142e+00,-3.757906250000000004e+00
0.000000000000000000e+00,-4.250171875000000377e+00,-3.756593749999999954e+00
-3.669812499999999922e+00,-4.248375000000000234e+00,-3.756390624999999872e+00
-3.665234375000000266e+00,-4.249187499999999673e+00,-3.760218749999999943e+00
-3.662468749999999940e+00,-4.247281250000000341e+00,-3.758468750000000025e+00
-3.659546875000000199e+00,-4.246500000000000163e+00,-3.757656250000000142e+00
0.000000000000000000e+00,-4.245187500000000114e+00,-3.756750000000000256e+00
-3.654968750000000099e+00,-4.243703124999999687e+00,-3.755749999999999922e+00
-3.653281250000000036e+00,-4.243859375000000433e+00,-3.755468749999999911e+00
-3.649453124999999964e+00,-4.243718750000000206e+00,-3.752874999999999961e+00
-3.646968750000000092e+00,-4.241359375000000043e+00,-3.750390625000000089e+00
0.000000000000000000e+00,-4.242046874999999773e+00,-3.750312500000000160e+00
-3.644812500000000011e+00,-4.243500000000000050e+00,-3.749500000000000277e+00
-3.642218750000000060e+00,-4.243781250000000504e+00,-3.747234375000000117e+00
0.000000000000000000e+00,-4.242546875000000384e+00,-3.745875000000000288e+00
0.000000000000000000e+00,-4.242578124999999645e+00,-3.745359375000000046e+00
-3.640328124999999915e+00,-4.242781250000000171e+00,-3.742718749999999872e+00
-3.639078125000000163e+00,-4.242906249999999879e+00,-3.745421874999999901e+00
-3.639421875000000028e+00,-4.241593749999999829e+00,-3.744828125000000174e+00
-3.640093750000000128e+00,-4.241687500000000277e+00,-3.744499999999999940e+00
0.000000000000000000e+00,-4.242281250000000448e+00,-3.745359375000000046e+00
-3.643187500000000245e+00,-4.243031250000000476e+00,-3.747843749999999918e+00
-3.643562500000000259e+00,-4.244374999999999787e+00,-3.750296875000000085e+00
0.000000000000000000e+00,-4.242984374999999808e+00,-3.751015624999999964e+00
-3.646749999999999936e+00,-4.242718749999999872e+00,-3.748609375000000021e+00
-3.646265625000000288e+00,-4.245468749999999680e+00,-3.752031249999999929e+00
0.000000000000000000e+00,-4.243953124999999993e+00,-3.753546875000000060e+00
0.000000000000000000e+00,-4.244046875000000441e+00,-3.750734374999999954e+00
0.000000000000000000e+00,-4.245671875000000206e+00,-3.751359375000000274e+00
0.000000000000000000e+00,-4.246031249999999702e+00,-3.751531250000000206e+00
0.000000000000000000e+00,-4.247031250000000036e+00,-3.753296875000000199e+00
0.000000000000000000e+00,-4.247125000000000483e+00,-3.753062499999999968e+00
0.000000000000000000e+00,-4.247828124999999844e+00,-3.751156250000000192e+00
0.000000000000000000e+00,-4.248468749999999794e+00,-3.750125000000000153e+00
0.000000000000000000e+00,-4.248140625000000448e+00,-3.749531249999999982e+00
0.000000000000000000e+00,-4.249718750000000433e+00,-3.747140625000000114e+00
-3.662656249999999947e+00,-4.250359375000000384e+00,-3.746953125000000107e+00
-3.662609375000000167e+00,-4.252125000000000377e+00,-3.750812499999999883e+00
-3.663187500000000263e+00,-4.252203125000000306e+00,-3.749906249999999996e+00
-3.663984375000000071e+00,-4.252875000000000405e+00,-3.747562499999999908e+00
0.000000000000000000e+00,-4.252937499999999815e+00,-3.748296874999999861e+00
-3.667734375000000213e+00,-4.254671874999999659e+00,-3.748671874999999876e+00
-3.668109375000000227e+00,-4.254656250000000028e+00,-3.748828125000000178e+00
0.000000000000000000e+00,-4.254890624999999815e+00,-3.749578125000000206e+00
0.000000000000000000e+00,-4.254421875000000242e+00,-3.750218750000000156e+00
0.000000000000000000e+00,-4.256140625000000455e+00,-3.754046875000000227e+00
0.000000000000000000e+00,-4.256796875000000036e+00,-3.755171875000000270e+00
0.000000000000000000e+00,-4.257203125000000199e+00,-3.755531250000000210e+00
0.000000000000000000e+00,-4.257046875000000341e+00,-3.755484374999999986e+00
0.000000000000000000e+00,-4.256968750000000412e+00,-3.757187500000000124e+00
0.000000000000000000e+00,-4.256046875000000007e+00,-3.756343750000000092e+00
0.000000000000000000e+00,-4.256640625000000178e+00,-3.755328125000000128e+00
0.000000000000000000e+00,-4.256687499999999957e+00,-3.755281249999999904e+00
0.000000000000000000e+00,-4.256812499999999666e+00,-3.757312500000000277e+00
-3.669328125000000274e+00,-4.256562500000000249e+00,-3.755203124999999975e+00
-3.668750000000000178e+00,-4.255250000000000199e+00,-3.754343749999999869e+00
-3.667718750000000139e+00,-4.255796874999999702e+00,-3.754703125000000252e+00
-3.665515625000000277e+00,-4.255765625000000441e+00,-3.753437499999999982e+00
0.000000000000000000e+00,-4.254078125000000377e+00,-3.749796874999999918e+00
-3.663874999999999993e+00,-4.254640625000000398e+00,-3.747468749999999904e+00
-3.662734374999999876e+00,-4.254921874999999964e+00,-3.748937500000000256e+00
-3.660953125000000252e+00,-4.255578125000000433e+00,-3.747328125000000121e+00
-3.660234374999999929e+00,-4.254249999999999865e+00,-3.748609375000000021e+00
0.000000000000000000e+00,-4.253124999999999822e+00,-3.749500000000000277e+00
0.000000000000000000e+00,-4.253499999999999837e+00,-3.749328124999999901e+00
0.000000000000000000e+00,-4.253859375000000220e+00,-3.751812500000000217e+00
-3.658515625000000160e+00,-4.252374999999999794e+00,-3.748656250000000245e+00
-3.657093750000000032e+00,-4.253062500000000412e+00,-3.751718750000000213e+00
-3.656109375000000217e+00,-4.252578125000000320e+00,-3.753234374999999901e+00
-3.655203124999999886e+00,-4.252515625000000021e+00,-3.751718750000000213e+00
-3.653984375000000284e+00,-4.250718749999999879e+00,-3.752734375000000178e+00
-3.655234375000000036e+00,-4.249781249999999844e+00,-3.753875000000000295e+00
0.000000000000000000e+00,-4.249953125000000220e+00,-3.752156250000000082e+00
-3.656265625000000075e+00,-4.251312500000000050e+00,-3.753421874999999908e+00
-3.656562500000000160e+00,-4.250828124999999957e+00,-3.753687500000000288e+00
0.000000000000000000e+00,-4.252421875000000462e+00,-3.752062500000000078e+00
-3.656453125000000082e+00,-4.250250000000000306e+00,-3.747937499999999922e+00
-3.655499999999999972e+00,-4.252687500000000398e+00,-3.751250000000000195e+00
0.000000000000000000e+00,-4.251671875000000433e+00,-3.750421875000000238e+00
0.000000000000000000e+00,-4.249312500000000270e+00,-3.745406250000000270e+00
0.000000000000000000e+00,-4.254218749999999716e+00,-3.747734375000000284e+00
0.000000000000000000e+00,-4.253156249999999972e+00,-3.745375000000000121e+00
0.000000000000000000e+00,-4.253124999999999822e+00,-3.743546875000000274e+00
0.000000000000000000e+00,-4.253781250000000291e+00,-3.744718750000000096e+00
0.000000000000000000e+00,-4.254359374999999943e+00,-3.744156250000000075e+00
-3.666125000000000078e+00,-4.255296874999999979e+00,-3.745296875000000192e+00
-3.667265625000000195e+00,-4.256703125000000476e+00,-3.744859374999999879e+00
-3.667234375000000046e+00,-4.256812499999999666e+00,-3.743234375000000114e+00
-3.667859374999999922e+00,-4.256484375000000320e+00,-3.742953125000000103e+00
0.000000000000000000e+00,-4.256546874999999730e+00,-3.741203125000000185e+00
0.000000000000000000e+00,-4.258515625000000249e+00,-3.743015624999999957e+00
0.000000000000000000e+00,-4.259390624999999986e+00,-3.743531250000000199e+00
-3.675250000000000128e+00,-4.259515624999999694e+00,-3.747234375000000117e+00
-3.676187500000000163e+00,-4.260187499999999794e+00,-3.747687500000000060e+00
0.000000000000000000e+00,-4.260796875000000483e+00,-3.749750000000000139e+00
0.000000000000000000e+00,-4.260234375000000462e+00,-3.749624999999999986e+00
0.000000000000000000e+00,-4.261156249999999979e+00,-3.751078125000000263e+00
0.000000000000000000e+00,-4.261390624999999766e+00,-3.754656250000000028e+00
0.000000000000000000e+00,-4.260765625000000334e+00,-3.753390625000000203e+00
-3.680953125000000270e+00,-4.260734375000000185e+00,-3.754750000000000032e+00
-3.680734375000000114e+00,-4.261156249999999979e+00,-3.756937500000000263e+00
0.000000000000000000e+00,-4.260406249999999950e+00,-3.756562500000000249e+00
-3.680937500000000195e+00,-4.261750000000000149e+00,-3.753703124999999918e+00
-3.679953124999999936e+00,-4.262234375000000242e+00,-3.754093750000000007e+00
-3.681093750000000053e+00,-4.262062499999999865e+00,-3.756453125000000171e+00
-3.680359375000000099e+00,-4.262609375000000256e+00,-3.755109374999999972e+00
0.000000000000000000e+00,-4.261124999999999829e+00,-3.754265624999999940e+00
0.000000000000000000e+00,-4.262921874999999972e+00,-3.757375000000000131e+00
0.000000000000000000e+00,-4.263234374999999687e+00,-3.761031250000000270e+00
0.000000000000000000e+00,-4.262531250000000327e+00,-3.758109375000000085e+00
0.000000000000000000e+00,-4.263140625000000128e+00,-3.757406250000000281e+00
0.000000000000000000e+00,-4.263359375000000284e+00,-3.757187500000000124e+00
-3.683187500000000281e+00,-4.264093749999999794e+00,-3.758750000000000036e+00
-3.681406250000000213e+00,-4.265281250000000135e+00,-3.758593750000000178e+00
0.000000000000000000e+00,-4.264187500000000242e+00,-3.756140625000000011e+00
0.000000000000000000e+00,-4.263437500000000213e+00,-3.756203124999999865e+00
-3.681734375000000004e+00,-4.265078125000000497e+00,-3.759046875000000121e+00
-3.680328124999999950e+00,-4.265296874999999766e+00,-3.757875000000000298e+00
0.000000000000000000e+00,-4.264781250000000412e+00,-3.756281250000000238e+00
-3.678703125000000185e+00,-4.263859375000000007e+00,-3.753359375000000053e+00
-3.677687500000000220e+00,-4.265031249999999829e+00,-3.754062499999999858e+00
-3.674796875000000185e+00,-4.265328124999999915e+00,-3.754265624999999940e+00
-3.673125000000000195e+00,-4.263140625000000128e+00,-3.748937500000000256e+00
0.000000000000000000e+00,-4.262078125000000384e+00,-3.749125000000000263e+00
0.000000000000000000e+00,-4.262375000000000469e+00,-3.749375000000000124e+00
0.000000000000000000e+00,-4.262796875000000263e+00,-3.747374999999999901e+00
0.000000000000000000e+00,-4.261265625000000057e+00,-3.746812499999999879e+00
0.000000000000000000e+00,-4.260437500000000099e+00,-3.744734375000000171e+00
0.000000000000000000e+00,-4.259546874999999844e+00,-3.744218749999999929e+00
-3.661093750000000036e+00,-4.259171874999999829e+00,-3.746984375000000256e+00
-3.661140625000000259e+00,-4.257359375000000057e+00,-3.745375000000000121e+00
0.000000000000000000e+00,-4.256375000000000242e+00,-3.746406250000000160e+00
-3.660531250000000014e+00,-4.254890624999999815e+00,-3.743687500000000057e+00
-3.660000000000000142e+00,-4.254812499999999886e+00,-3.746187500000000004e+00
-3.659156250000000110e+00,-4.253937500000000149e+00,-3.746437499999999865e+00
-3.657546874999999975e+00,-4.253218750000000270e+00,-3.745390625000000195e+00
-3.657187500000000036e+00,-4.252421875000000462e+00,-3.747234375000000117e+00
-3.654453124999999858e+00,-4.252374999999999794e+00,-3.748156250000000078e+00
-3.653999999999999915e+00,-4.250687499999999730e+00,-3.747500000000000053e+00
-3.654390625000000004e+00,-4.250687499999999730e+00,-3.748375000000000234e+00
0.000000000000000000e+00,-4.249890624999999922e+00,-3.752265625000000160e+00
0.000000000000000000e+00,-4.249203125000000192e+00,-3.752859374999999886e+00
-3.653234375000000256e+00,-4.247984374999999702e+00,-3.758468750000000025e+00
-3.652562500000000156e+00,-4.246046875000000220e+00,-3.758484375000000099e+00
0.000000000000000000e+00,-4.244968749999999957e+00,-3.760296874999999872e+00
0.000000000000000000e+00,-4.243937500000000362e+00,-3.763421875000000139e+00
-3.650578125000000007e+00,-4.242859375000000099e+00,-3.763593750000000071e+00
-3.648781249999999865e+00,-4.241562499999999680e+00,-3.764406249999999954e+00
-3.646640624999999858e+00,-4.240062500000000512e+00,-3.764140625000000018e+00
-3.643906250000000124e+00,-4.238390625000000078e+00,-3.764750000000000263e+00
0.000000000000000000e+00,-4.236484374999999858e+00,-3.760718750000000110e+00
0.000000000000000000e+00,-4.235984375000000135e+00,-3.760656250000000256e+00
-3.640531249999999996e+00,-4.235453125000000263e+00,-3.759765625000000000e+00
-3.638765625000000004e+00,-4.234921875000000391e+00,-3.759234375000000128e+00
0.000000000000000000e+00,-4.232656249999999787e+00,-3.757281250000000128e+00
-3.637812499999999893e+00,-4.231640624999999822e+00,-3.755296874999999979e+00
-3.635765624999999890e+00,-4.233343750000000405e+00,-3.755359375000000277e+00
0.000000000000000000e+00,-4.231390625000000405e+00,-3.754375000000000018e+00
-3.635546875000000178e+00,-4.229281249999999659e+00,-3.752218749999999936e+00
-3.635671874999999886e+00,-4.230218749999999694e+00,-3.751343750000000199e+00
-3.636093750000000124e+00,-4.229718749999999972e+00,-3.746437499999999865e+00
-3.635718750000000110e+00,-4.230078125000000355e+00,-3.743609375000000128e+00
0.000000000000000000e+00,-4.229000000000000092e+00,-3.741890624999999915e+00
0.000000000000000000e+00,-4.230640625000000377e+00,-3.742828124999999950e+00
-3.641296875000000099e+00,-4.232390624999999851e+00,-3.742359374999999932e+00
-3.643781249999999972e+00,-4.231640624999999822e+00,-3.740781249999999947e+00
-3.645296875000000103e+00,-4.232234374999999993e+00,-3.740671874999999869e+00
-3.648499999999999854e+00,-4.232453125000000149e+00,-3.739531250000000195e+00
-3.651484374999999893e+00,-4.233031249999999801e+00,-3.740296875000000298e+00
-3.653046875000000249e+00,-4.234328125000000220e+00,-3.741734375000000057e+00
0.000000000000000000e+00,-4.234484375000000078e+00,-3.741843750000000135e+00
-3.660984374999999957e+00,-4.235609375000000121e+00,-3.741656250000000128e+00
-3.663187500000000263e+00,-4.237734375000000497e+00,-3.741281250000000114e+00
0.000000000000000000e+00,-4.237921875000000504e+00,-3.742312500000000153e+00
-3.670421875000000167e+00,-4.237859375000000206e+00,-3.742562500000000014e+00
-3.673296875000000128e+00,-4.239718749999999758e+00,-3.742171874999999925e+00
-3.676578125000000252e+00,-4.241359375000000043e+00,-3.744343750000000082e+00
-3.678390625000000025e+00,-4.242343749999999858e+00,-3.744406249999999936e+00
-3.681562500000000071e+00,-4.242281250000000448e+00,-3.741437499999999972e+00
-3.684765625000000266e+00,-4.244937499999999808e+00,-3.742359374999999932e+00
0.000000000000000000e+00,-4.246921874999999957e+00,-3.743812500000000210e+00
-3.690390625000000036e+00,-4.247437500000000199e+00,-3.740765624999999872e+00
-3.691562499999999858e+00,-4.249875000000000291e+00,-3.745921875000000068e+00
0.000000000000000000e+00,-4.249640625000000504e+00,-3.748062500000000075e+00
-3.697078124999999993e+00,-4.250203125000000526e+00,-3.747203124999999968e+00
-3.697406250000000227e+00,-4.253750000000000142e+00,-3.748593749999999947e+00
-3.697968750000000249e+00,-4.253906250000000000e+00,-3.750453124999999943e+00
0.000000000000000000e+00,-4.253906250000000000e+00,-3.749687500000000284e+00
-3.700671875000000277e+00,-4.254249999999999865e+00,-3.750296875000000085e+00
-3.700703124999999982e+00,-4.256781250000000405e+00,-3.751390624999999979e+00
-3.700499999999999901e+00,-4.256968750000000412e+00,-3.753718749999999993e+00
-3.699203124999999925e+00,-4.257968749999999858e+00,-3.754031250000000153e+00
-3.698312500000000114e+00,-4.257781249999999851e+00,-3.754531249999999876e+00
-3.697796874999999872e+00,-4.258015625000000526e+00,-3.752781249999999957e+00
0.000000000000000000e+00,-4.258874999999999744e+00,-3.753140624999999897e+00
0.000000000000000000e+00,-4.259156250000000199e+00,-3.755203124999999975e+00
0.000000000000000000e+00,-4.259953125000000007e+00,-3.755296874999999979e+00
0.000000000000000000e+00,-4.259218750000000497e+00,-3.752953124999999890e+00
0.000000000000000000e+00,-4.259312500000000057e+00,-3.752796875000000032e+00
0.000000000000000000e+00,-4.259640625000000291e+00,-3.751437500000000203e+00
0.000000000000000000e+00,-4.260921875000000192e+00,-3.753000000000000114e+00
0.000000000000000000e+00,-4.260625000000000107e+00,-3.753390625000000203e+00
0.000000000000000000e+00,-4.258859375000000114e+00,-3.751468749999999908e+00
-3.675234375000000053e+00,-4.259718750000000220e+00,-3.751687500000000064e+00
-3.672468750000000171e+00,-4.260203125000000313e+00,-3.750171874999999932e+00
-3.669546874999999986e+00,-4.260125000000000384e+00,-3.748640625000000171e+00
-3.666109375000000004e+00,-4.259812499999999780e+00,-3.750796875000000252e+00
0.000000000000000000e+00,-4.258296875000000092e+00,-3.748468750000000238e+00
0.000000000000000000e+00,-4.260390625000000320e+00,-3.750812499999999883e+00
0.000000000000000000e+00,-4.261734375000000519e+00,-3.750687500000000174e+00
0.000000000000000000e+00,-4.260625000000000107e+00,-3.748765624999999879e+00
0.000000000000000000e+00,-4.261656249999999702e+00,-3.747390624999999975e+00
-3.658359374999999858e+00,-4.262015625000000085e+00,-3.747250000000000192e+00
-3.656203125000000220e+00,-4.264781250000000412e+00,-3.747828125000000288e+00
-3.654578125000000011e+00,-4.265859374999999787e+00,-3.748531250000000092e+00
-3.652718750000000014e+00,-4.265718750000000448e+00,-3.746937500000000032e+00
-3.652125000000000288e+00,-4.265312500000000284e+00,-3.750078124999999929e+00
-3.651312499999999961e+00,-4.266250000000000320e+00,-3.749062499999999964e+00
0.000000000000000000e+00,-4.266750000000000043e+00,-3.750890625000000256e+00
0.000000000000000000e+00,-4.268015625000000313e+00,-3.753984374999999929e+00
0.000000000000000000e+00,-4.268562499999999815e+00,-3.756796875000000036e+00
0.000000000000000000e+00,-4.268953125000000348e+00,-3.758953125000000117e+00
-3.651593749999999972e+00,-4.269406250000000291e+00,-3.759265625000000277e+00
-3.651296874999999886e+00,-4.270140624999999801e+00,-3.757796874999999925e+00
-3.651734375000000199e+00,-4.271078124999999837e+00,-3.758265624999999943e+00
-3.649125000000000174e+00,-4.271671875000000007e+00,-3.757078125000000046e+00
0.000000000000000000e+00,-4.270328124999999808e+00,-3.753609374999999915e+00
-3.650812500000000238e+00,-4.271234374999999694e+00,-3.752718750000000103e+00
-3.650562499999999932e+00,-4.273015625000000206e+00,-3.752124999999999932e+00
-3.649828124999999979e+00,-4.272578124999999893e+00,-3.751937499999999925e+00
-3.650046875000000135e+00,-4.273046875000000355e+00,-3.751921875000000295e+00
0.000000000000000000e+00,-4.273046875000000355e+00,-3.753562500000000135e+00
0.000000000000000000e+00,-4.274781250000000199e+00,-3.751250000000000195e+00
0.000000000000000000e+00,-4.277390624999999780e+00,-3.751843749999999922e+00
0.000000000000000000e+00,-4.276937499999999837e+00,-3.752187500000000231e+00
0.000000000000000000e+00,-4.277000000000000135e+00,-3.751515625000000131e+00
0.000000000000000000e+00,-4.277609374999999936e+00,-3.753500000000000281e+00
0.000000000000000000e+00,-4.278437499999999893e+00,-3.753000000000000114e+00
0.000000000000000000e+00,-4.278609375000000270e+00,-3.753640625000000064e+00
-3.657796875000000281e+00,-4.279765625000000462e+00,-3.757000000000000117e+00
-3.659546875000000199e+00,-4.279812500000000242e+00,-3.758000000000000007e+00
-3.658593750000000089e+00,-4.280453125000000192e+00,-3.755562499999999915e+00
-3.660421874999999936e+00,-4.278578125000000121e+00,-3.755531250000000210e+00
0.000000000000000000e+00,-4.281046875000000362e+00,-3.755812500000000220e+00
0.000000000000000000e+00,-4.280437499999999673e+00,-3.754328125000000238e+00
0.000000000000000000e+00,-4.280468749999999822e+00,-3.755671874999999993e+00
0.000000000000000000e+00,-4.280281249999999815e+00,-3.755109374999999972e+00
0.000000000000000000e+00,-4.279906249999999801e+00,-3.757500000000000284e+00
-3.661187500000000039e+00,-4.279781250000000092e+00,-3.756093750000000231e+00
-3.661593750000000203e+00,-4.280578124999999901e+00,-3.759015624999999972e+00
0.000000000000000000e+00,-4.279609374999999716e+00,-3.760250000000000092e+00
-3.660812500000000025e+00,-4.275343750000000220e+00,-3.758890625000000263e+00
-3.659796875000000060e+00,-4.276968749999999986e+00,-3.762828124999999968e+00
0.000000000000000000e+00,-4.275578125000000007e+00,-3.765828125000000082e+00
0.000000000000000000e+00,-4.274390624999999666e+00,-3.768062500000000092e+00
-3.656671875000000238e+00,-4.273828125000000533e+00,-3.767859375000000011e+00
-3.656796874999999947e+00,-4.272000000000000242e+00,-3.769734375000000082e+00
-3.653656250000000050e+00,-4.271437500000000220e+00,-3.772203124999999879e+00
-3.651687499999999975e+00,-4.268718749999999673e+00,-3.770359374999999957e+00
0.000000000000000000e+00,-4.266874999999999751e+00,-3.773546875000000078e+00
0.000000000000000000e+00,-4.266124999999999723e+00,-3.775234375000000142e+00
0.000000000000000000e+00,-4.266140625000000242e+00,-3.774859375000000128e+00
0.000000000000000000e+00,-4.263843750000000377e+00,-3.777109375000000213e+00
-3.645937500000000053e+00,-4.262296874999999652e+00,-3.778218750000000181e+00
-3.644000000000000128e+00,-4.262375000000000469e+00,-3.778109375000000103e+00
-3.640750000000000153e+00,-4.261156249999999979e+00,-3.778078124999999954e+00
-3.639218749999999947e+00,-4.258281250000000462e+00,-3.775468749999999929e+00
-3.637500000000000178e+00,-4.257953125000000227e+00,-3.773500000000000298e+00
0.000000000000000000e+00,-4.257609375000000362e+00,-3.771781250000000085e+00
-3.634468749999999915e+00,-4.256453125000000171e+00,-3.771703125000000156e+00
-3.632687500000000291e+00,-4.255734375000000291e+00,-3.767046875000000128e+00
0.000000000000000000e+00,-4.254937500000000483e+00,-3.767437500000000217e+00
0.000000000000000000e+00,-4.253218750000000270e+00,-3.765343749999999989e+00
-3.631124999999999936e+00,-4.254234375000000234e+00,-3.762609375000000256e+00
-3.631515625000000025e+00,-4.252625000000000099e+00,-3.761000000000000121e+00
-3.631140625000000011e+00,-4.252484374999999872e+00,-3.758984375000000266e+00
-3.630812500000000220e+00,-4.251875000000000071e+00,-3.754187500000000011e+00
0.000000000000000000e+00,-4.251562500000000355e+00,-3.753109375000000192e+00
0.000000000000000000e+00,-4.251765624999999993e+00,-3.752312499999999940e+00
0.000000000000000000e+00,-4.252390625000000313e+00,-3.750468750000000018e+00
0.000000000000000000e+00,-4.251859375000000441e+00,-3.748468750000000238e+00
-3.636656250000000146e+00,-4.252453124999999723e+00,-3.747531250000000203e+00
-3.638765625000000004e+00,-4.252359375000000163e+00,-3.744734375000000171e+00
-3.640593750000000295e+00,-4.252312500000000384e+00,-3.742796875000000245e+00
-3.643203124999999876e+00,-4.251781250000000512e+00,-3.740093750000000217e+00
0.000000000000000000e+00,-4.251468749999999908e+00,-3.741062499999999957e+00
-3.650265625000000291e+00,-4.251687500000000064e+00,-3.740453125000000156e+00
-3.652125000000000288e+00,-4.252312500000000384e+00,-3.741062499999999957e+00
-3.655343750000000114e+00,-4.251468749999999908e+00,-3.738890625000000245e+00
-3.656843750000000171e+00,-4.251843749999999922e+00,-3.738265624999999925e+00
-3.659468750000000270e+00,-4.249578125000000206e+00,-3.733828125000000053e+00
-3.662703125000000171e+00,-4.250124999999999709e+00,-3.730109375000000060e+00
0.000000000000000000e+00,-4.250906249999999886e+00,-3.729437499999999961e+00
0.000000000000000000e+00,-4.250781250000000178e+00,-3.728640625000000153e+00
0.000000000000000000e+00,-4.250953124999999666e+00,-3.726843750000000011e+00
-3.674703125000000181e+00,-4.250140625000000227e+00,-3.724296875000000284e+00
-3.677624999999999922e+00,-4.250609374999999801e+00,-3.723531250000000181e+00
-3.679296874999999911e+00,-4.250328125000000234e+00,-3.723343750000000174e+00
-3.682906250000000270e+00,-4.249343750000000419e+00,-3.721218750000000242e+00
0.000000000000000000e+00,-4.249562499999999687e+00,-3.720109375000000274e+00
-3.689125000000000210e+00,-4.249578125000000206e+00,-3.720843750000000227e+00
-3.691687500000000011e+00,-4.250124999999999709e+00,-3.722640624999999925e+00
0.000000000000000000e+00,-4.249640625000000504e+00,-3.720468750000000213e+00
0.000000000000000000e+00,-4.248578124999999872e+00,-3.718312500000000131e+00
-3.701484375000000160e+00,-4.249453125000000497e+00,-3.718968750000000156e+00
-3.702765625000000060e+00,-4.249718750000000433e+00,-3.718203125000000053e+00
0.000000000000000000e+00,-4.248124999999999929e+00,-3.718374999999999986e+00
0.000000000000000000e+00,-4.247406250000000050e+00,-3.719812500000000188e+00
0.000000000000000000e+00,-4.248843749999999808e+00,-3.724171875000000131e+00
-3.715062500000000156e+00,-4.247703125000000135e+00,-3.726140625000000206e+00
-3.717859375000000188e+00,-4.247515625000000128e+00,-3.729046874999999872e+00
0.000000000000000000e+00,-4.246875000000000178e+00,-3.730953125000000092e+00
-3.722625000000000295e+00,-4.245250000000000412e+00,-3.732234374999999993e+00
-3.721843750000000117e+00,-4.246281250000000007e+00,-3.734859375000000092e+00
0.000000000000000000e+00,-4.242874999999999730e+00,-3.737656250000000124e+00
0.000000000000000000e+00,-4.241453125000000490e+00,-3.740343750000000078e+00
0.000000000000000000e+00,-4.240828125000000171e+00,-3.742999999999999883e+00
0.000000000000000000e+00,-4.241125000000000256e+00,-3.744359375000000156e+00
0.000000000000000000e+00,-4.239609374999999680e+00,-3.746875000000000178e+00
-3.719437500000000174e+00,-4.237000000000000099e+00,-3.746937500000000032e+00
-3.717937500000000117e+00,-4.235781250000000497e+00,-3.749312500000000270e+00
0.000000000000000000e+00,-4.233859374999999758e+00,-3.748718750000000099e+00
0.000000000000000000e+00,-4.231312500000000476e+00,-3.749312500000000270e+00
-3.709328124999999865e+00,-4.231749999999999901e+00,-3.750421875000000238e+00
-3.705187500000000078e+00,-4.230171874999999915e+00,-3.749359375000000050e+00
-3.701234375000000298e+00,-4.228421875000000441e+00,-3.747687500000000060e+00
-3.697234375000000295e+00,-4.225968749999999829e+00,-3.746156250000000298e+00
-3.692656250000000195e+00,-4.224984375000000014e+00,-3.746281250000000007e+00
-3.688234374999999954e+00,-4.223859374999999972e+00,-3.748015625000000295e+00
-3.682343750000000249e+00,-4.222984375000000234e+00,-3.745312500000000266e+00
-3.678328125000000171e+00,-4.219906250000000192e+00,-3.745046874999999886e+00
-3.673421875000000281e+00,-4.219765624999999964e+00,-3.747718750000000210e+00
-3.669671875000000139e+00,-4.219781250000000483e+00,-3.748421875000000014e+00
0.000000000000000000e+00,-4.218874999999999709e+00,-3.748953124999999886e+00
0.000000000000000000e+00,-4.217859374999999744e+00,-3.751296874999999975e+00
0.000000000000000000e+00,-4.216546874999999694e+00,-3.754812499999999886e+00
0.000000000000000000e+00,-4.215546875000000249e+00,-3.758156249999999865e+00
0.000000000000000000e+00,-4.215406250000000021e+00,-3.757953125000000227e+00
-3.646359375000000291e+00,-4.214375000000000426e+00,-3.759828125000000298e+00
-3.641718749999999893e+00,-4.214906250000000298e+00,-3.763828124999999858e+00
-3.638578124999999996e+00,-4.213874999999999815e+00,-3.765937500000000160e+00
-3.633624999999999883e+00,-4.214046875000000192e+00,-3.768375000000000252e+00
0.000000000000000000e+00,-4.213515625000000320e+00,-3.769484375000000220e+00
-3.628031250000000263e+00,-4.215031250000000007e+00,-3.771281249999999918e+00
-3.624359375000000050e+00,-4.216281249999999758e+00,-3.774437499999999890e+00
0.000000000000000000e+00,-4.216124999999999901e+00,-3.778421875000000263e+00
0.000000000000000000e+00,-4.216390624999999837e+00,-3.775062500000000210e+00
0.000000000000000000e+00,-4.219234375000000092e+00,-3.775171875000000288e+00
0.000000000000000000e+00,-4.219437499999999730e+00,-3.775500000000000078e+00
0.000000000000000000e+00,-4.220234375000000426e+00,-3.776890625000000057e+00
0.000000000000000000e+00,-4.222343750000000284e+00,-3.774781250000000199e+00
-3.606328125000000107e+00,-4.223749999999999893e+00,-3.776031249999999950e+00
-3.606374999999999886e+00,-4.225265625000000469e+00,-3.775374999999999925e+00
0.000000000000000000e+00,-4.228140624999999986e+00,-3.774687500000000195e+00
0.000000000000000000e+00,-4.229124999999999801e+00,-3.773406250000000295e+00
-3.607234374999999993e+00,-4.232296875000000291e+00,-3.774140625000000249e+00
-3.608296875000000181e+00,-4.236250000000000071e+00,-3.774390625000000110e+00
-3.608359375000000036e+00,-4.239250000000000185e+00,-3.774703125000000270e+00
-3.608828125000000053e+00,-4.241656250000000128e+00,-3.772515625000000039e+00
0.000000000000000000e+00,-4.244578125000000313e+00,-3.771374999999999922e+00
0.000000000000000000e+00,-4.248453125000000163e+00,-3.770796875000000270e+00
-3.615015625000000288e+00,-4.253031250000000263e+00,-3.770734374999999972e+00
-3.617999999999999883e+00,-4.255656250000000362e+00,-3.767796875000000156e+00
-3.620437499999999975e+00,-4.259999999999999787e+00,-3.765718750000000004e+00
-3.622921875000000291e+00,-4.263265624999999837e+00,-3.764328125000000025e+00
-3.625875000000000181e+00,-4.266656250000000483e+00,-3.761421874999999915e+00
-3.629703125000000252e+00,-4.270328124999999808e+00,-3.760453125000000174e+00
0.000000000000000000e+00,-4.274515625000000263e+00,-3.754578125000000099e+00
0.000000000000000000e+00,-4.278999999999999915e+00,-3.752859374999999886e+00
0.000000000000000000e+00,-4.283453125000000306e+00,-3.750968750000000185e+00
0.000000000000000000e+00,-4.285109375000000220e+00,-3.746999999999999886e+00
-3.648609374999999932e+00,-4.288124999999999964e+00,-3.744656250000000242e+00
-3.651109374999999879e+00,-4.292218749999999972e+00,-3.741312500000000263e+00
0.000000000000000000e+00,-4.294687500000000213e+00,-3.738703125000000238e+00
0.000000000000000000e+00,-4.296999999999999709e+00,-3.737281250000000110e+00
0.000000000000000000e+00,-4.301703125000000405e+00,-3.736312499999999925e+00
0.000000000000000000e+00,-4.302296874999999687e+00,-3.730187499999999989e+00
0.000000000000000000e+00,-4.306625000000000369e+00,-3.732109375000000284e+00
0.000000000000000000e+00,-4.307015625000000014e+00,-3.730359374999999922e+00
-3.677203125000000128e+00,-4.309062500000000462e+00,-3.728562500000000224e+00
-3.679812500000000153e+00,-4.311328125000000178e+00,-3.726218750000000135e+00
0.000000000000000000e+00,-4.312156250000000135e+00,-3.725750000000000117e+00
0.000000000000000000e+00,-4.313015625000000242e+00,-3.726031250000000128e+00
0.000000000000000000e+00,-4.314656250000000526e+00,-3.726656250000000004e+00
0.000000000000000000e+00,-4.314390624999999702e+00,-3.727125000000000021e+00
-3.690265624999999883e+00,-4.314359375000000441e+00,-3.727703125000000117e+00
-3.692328124999999961e+00,-4.314140625000000284e+00,-3.729812499999999975e+00
0.000000000000000000e+00,-4.312890625000000533e+00,-3.730624999999999858e+00
-3.696890624999999986e+00,-4.311578125000000483e+00,-3.730593750000000153e+00
-3.697249999999999925e+00,-4.312109375000000355e+00,-3.734687500000000160e+00
0.000000000000000000e+00,-4.309906250000000050e+00,-3.737234374999999886e+00
0.000000000000000000e+00,-4.307718750000000263e+00,-3.738546874999999936e+00
-3.698562499999999975e+00,-4.307203125000000021e+00,-3.741546875000000050e+00
-3.698703125000000203e+00,-4.305125000000000313e+00,-3.743906250000000213e+00
-3.698031250000000103e+00,-4.304140625000000497e+00,-3.747875000000000068e+00
-3.697500000000000231e+00,-4.299906250000000263e+00,-3.750078124999999929e+00
-3.696499999999999897e+00,-4.297843750000000185e+00,-3.753234374999999901e+00
-3.696609374999999975e+00,-4.294390625000000128e+00,-3.755031250000000043e+00
0.000000000000000000e+00,-4.291859375000000476e+00,-3.756375000000000242e+00
-3.692906250000000057e+00,-4.289171875000000078e+00,-3.758125000000000160e+00
-3.690171874999999879e+00,-4.287046874999999702e+00,-3.761531249999999993e+00
-3.687765624999999936e+00,-4.283031250000000512e+00,-3.762203125000000092e+00
-3.685078124999999982e+00,-4.280640625000000199e+00,-3.763734375000000298e+00
0.000000000000000000e+00,-4.276265624999999737e+00,-3.764906250000000121e+00
0.000000000000000000e+00,-4.273703124999999936e+00,-3.765203125000000206e+00
0.000000000000000000e+00,-4.271218750000000064e+00,-3.765562500000000146e+00
0.000000000000000000e+00,-4.266953124999999680e+00,-3.767156250000000206e+00
0.000000000000000000e+00,-4.264828125000000192e+00,-3.767546875000000295e+00
0.000000000000000000e+00,-4.263140625000000128e+00,-3.766203125000000096e+00
0.000000000000000000e+00,-4.259968750000000526e+00,-3.767890625000000160e+00
-3.668078125000000078e+00,-4.256249999999999645e+00,-3.765625000000000000e+00
-3.664062500000000000e+00,-4.254453125000000391e+00,-3.766078124999999943e+00
0.000000000000000000e+00,-4.251171874999999822e+00,-3.765484375000000217e+00
0.000000000000000000e+00,-4.248171874999999709e+00,-3.761593750000000291e+00
-3.658156250000000220e+00,-4.248375000000000234e+00,-3.762062499999999865e+00
-3.656031250000000288e+00,-4.245359375000000490e+00,-3.763500000000000068e+00
-3.654687500000000089e+00,-4.242640624999999943e+00,-3.764812500000000117e+00
-3.651968749999999986e+00,-4.240031250000000362e+00,-3.765296875000000210e+00
0.000000000000000000e+00,-4.236578125000000306e+00,-3.764515625000000032e+00
0.000000000000000000e+00,-4.235765624999999979e+00,-3.764171875000000167e+00
0.000000000000000000e+00,-4.234578125000000526e+00,-3.764406249999999954e+00
0.000000000000000000e+00,-4.232781250000000384e+00,-3.760312499999999947e+00
0.000000000000000000e+00,-4.231031250000000021e+00,-3.760531250000000103e+00
0.000000000000000000e+00,-4.228812500000000085e+00,-3.759984375000000156e+00
-3.644140624999999911e+00,-4.226718749999999858e+00,-3.757515624999999915e+00
-3.642703125000000153e+00,-4.226781250000000156e+00,-3.759640625000000291e+00
-3.641234375000000245e+00,-4.224859375000000306e+00,-3.759406250000000060e+00
0.000000000000000000e+00,-4.223203125000000391e+00,-3.757281250000000128e+00
-3.640796874999999932e+00,-4.222218749999999687e+00,-3.755468749999999911e+00
-3.640453125000000068e+00,-4.223281250000000320e+00,-3.754828124999999961e+00
-3.639468750000000252e+00,-4.222687500000000149e+00,-3.756656250000000252e+00
-3.639937500000000270e+00,-4.220906250000000526e+00,-3.755281249999999904e+00
0.000000000000000000e+00,-4.220218749999999908e+00,-3.754890625000000259e+00
-3.642109374999999982e+00,-4.221343749999999950e+00,-3.754609375000000249e+00
-3.642406250000000068e+00,-4.221031250000000234e+00,-3.755062500000000192e+00
0.000000000000000000e+00,-4.220500000000000362e+00,-3.752453125000000167e+00
0.000000000000000000e+00,-4.220437500000000064e+00,-3.752906250000000110e+00
-3.646906250000000238e+00,-4.222203125000000057e+00,-3.753578125000000210e+00
-3.648421874999999925e+00,-4.224109375000000277e+00,-3.752546875000000171e+00
-3.649421875000000259e+00,-4.224484375000000291e+00,-3.750765625000000103e+00
-3.650484375000000004e+00,-4.224984375000000014e+00,-3.749734375000000064e+00
0.000000000000000000e+00,-4.226687499999999709e+00,-3.749812499999999993e+00
0.000000000000000000e+00,-4.227640625000000263e+00,-3.749796874999999918e+00
0.000000000000000000e+00,-4.228218749999999915e+00,-3.749859375000000217e+00
0.000000000000000000e+00,-4.229312499999999808e+00,-3.748656250000000245e+00
-3.659609375000000053e+00,-4.231374999999999886e+00,-3.749875000000000291e+00
-3.661171874999999964e+00,-4.232593750000000377e+00,-3.750015625000000075e+00
0.000000000000000000e+00,-4.233515624999999893e+00,-3.749578125000000206e+00
0.000000000000000000e+00,-4.234578125000000526e+00,-3.746640624999999947e+00
0.000000000000000000e+00,-4.237859375000000206e+00,-3.748265625000000156e+00
0.000000000000000000e+00,-4.236859374999999872e+00,-3.746265624999999932e+00
0.000000000000000000e+00,-4.238906250000000320e+00,-3.747328125000000121e+00
0.000000000000000000e+00,-4.239875000000000504e+00,-3.746750000000000025e+00
0.000000000000000000e+00,-4.241656250000000128e+00,-3.744187500000000224e+00
0.000000000000000000e+00,-4.242796874999999801e+00,-3.742968750000000178e+00
0.000000000000000000e+00,-4.245015624999999737e+00,-3.743781250000000060e+00
0.000000000000000000e+00,-4.247109374999999964e+00,-3.743390624999999972e+00
-3.677578125000000142e+00,-4.248531250000000092e+00,-3.744140625000000000e+00
-3.678109375000000014e+00,-4.250046874999999780e+00,-3.743296874999999968e+00
-3.678203125000000018e+00,-4.251984375000000149e+00,-3.742953125000000103e+00
-3.679312499999999986e+00,-4.253031250000000263e+00,-3.742640624999999943e+00
-3.679437500000000139e+00,-4.255031250000000043e+00,-3.743718750000000206e+00
-3.679499999999999993e+00,-4.256390624999999872e+00,-3.744828125000000174e+00
-3.680421874999999954e+00,-4.257218749999999829e+00,-3.745125000000000259e+00
0.000000000000000000e+00,-4.259781250000000519e+00,-3.745484375000000199e+00
-3.681687500000000224e+00,-4.260937499999999822e+00,-3.745249999999999968e+00
-3.681171874999999982e+00,-4.262921874999999972e+00,-3.747749999999999915e+00
0.000000000000000000e+00,-4.262687500000000185e+00,-3.744468750000000234e+00
0.000000000000000000e+00,-4.263406250000000064e+00,-3.744265625000000153e+00
0.000000000000000000e+00,-4.266687499999999744e+00,-3.747515625000000128e+00
-3.683749999999999858e+00,-4.266812500000000341e+00,-3.746515625000000238e+00
-3.683484374999999922e+00,-4.269218750000000284e+00,-3.748203124999999858e+00
-3.683859374999999936e+00,-4.270703124999999822e+00,-3.747562499999999908e+00
-3.682234375000000171e+00,-4.272531250000000114e+00,-3.748390624999999865e+00
0.000000000000000000e+00,-4.272078125000000171e+00,-3.747953124999999996e+00
0.000000000000000000e+00,-4.274312499999999737e+00,-3.747875000000000068e+00
-3.683109374999999908e+00,-4.276171875000000178e+00,-3.749000000000000110e+00
-3.683046875000000053e+00,-4.277109375000000213e+00,-3.748265625000000156e+00
-3.681671875000000149e+00,-4.279406250000000078e+00,-3.751218750000000046e+00
-3.681781250000000227e+00,-4.279156249999999773e+00,-3.750734374999999954e+00
0.000000000000000000e+00,-4.278968749999999766e+00,-3.750453124999999943e+00
-3.682515625000000181e+00,-4.281828124999999652e+00,-3.752000000000000224e+00
-3.681468750000000068e+00,-4.283640625000000313e+00,-3.752093750000000227e+00
0.000000000000000000e+00,-4.283015624999999993e+00,-3.751406250000000053e+00
0.000000000000000000e+00,-4.282765624999999687e+00,-3.751390624999999979e+00
0.000000000000000000e+00,-4.285421874999999936e+00,-3.751468749999999908e+00
0.000000000000000000e+00,-4.286437499999999901e+00,-3.754171874999999936e+00
0.000000000000000000e+00,-4.287218750000000078e+00,-3.754937500000000039e+00
0.000000000000000000e+00,-4.287718749999999801e+00,-3.754093750000000007e+00
0.000000000000000000e+00,-4.289906250000000476e+00,-3.751625000000000210e+00
-3.680390625000000249e+00,-4.289687500000000320e+00,-3.752203124999999861e+00
-3.680453125000000103e+00,-4.292515625000000057e+00,-3.755343750000000203e+00
-3.680468750000000178e+00,-4.293937500000000185e+00,-3.753484375000000206e+00
-3.680218749999999872e+00,-4.295499999999999652e+00,-3.752375000000000238e+00
-3.679296874999999911e+00,-4.295843750000000405e+00,-3.749953125000000220e+00
-3.679359375000000210e+00,-4.296000000000000263e+00,-3.749906249999999996e+00
0.000000000000000000e+00,-4.298453124999999986e+00,-3.747374999999999901e+00
0.000000000000000000e+00,-4.301015624999999787e+00,-3.748015625000000295e+00
0.000000000000000000e+00,-4.300703125000000071e+00,-3.750000000000000000e+00
0.000000000000000000e+00,-4.301359374999999652e+00,-3.749734375000000064e+00
0.000000000000000000e+00,-4.302375000000000504e+00,-3.750796875000000252e+00
0.000000000000000000e+00,-4.302781249999999780e+00,-3.749624999999999986e+00
0.000000000000000000e+00,-4.302937500000000526e+00,-3.752000000000000224e+00
-3.678953125000000046e+00,-4.303031250000000085e+00,-3.751500000000000057e+00
-3.677765625000000149e+00,-4.302781249999999780e+00,-3.749421874999999904e+00
-3.675000000000000266e+00,-4.302218749999999758e+00,-3.751218750000000046e+00
-3.674125000000000085e+00,-4.300656250000000291e+00,-3.750390625000000089e+00
0.000000000000000000e+00,-4.300250000000000128e+00,-3.751218750000000046e+00
-3.674046875000000156e+00,-4.298874999999999780e+00,-3.751937499999999925e+00
-3.670812500000000256e+00,-4.301187500000000163e+00,-3.754328125000000238e+00
0.000000000000000000e+00,-4.298046874999999822e+00,-3.752593749999999950e+00
0.000000000000000000e+00,-4.295859375000000036e+00,-3.751062500000000188e+00
0.000000000000000000e+00,-4.295546875000000320e+00,-3.753265625000000050e+00
0.000000000000000000e+00,-4.293296875000000234e+00,-3.754687500000000178e+00
-3.659796875000000060e+00,-4.290234374999999822e+00,-3.755812500000000220e+00
-3.657656250000000053e+00,-4.289531250000000462e+00,-3.758281250000000018e+00
-3.656125000000000291e+00,-4.287374999999999936e+00,-3.760640625000000181e+00
-3.654203124999999996e+00,-4.284625000000000128e+00,-3.764812500000000117e+00
0.000000000000000000e+00,-4.282796874999999837e+00,-3.764921875000000195e+00
0.000000000000000000e+00,-4.281625000000000014e+00,-3.764515625000000032e+00
0.000000000000000000e+00,-4.280640625000000199e+00,-3.769968749999999869e+00
0.000000000000000000e+00,-4.279500000000000526e+00,-3.774671875000000121e+00
0.000000000000000000e+00,-4.277171875000000512e+00,-3.774249999999999883e+00
0.000000000000000000e+00,-4.275187500000000362e+00,-3.774531249999999893e+00
0.000000000000000000e+00,-4.274171875000000398e+00,-3.776812500000000128e+00
0.000000000000000000e+00,-4.271328125000000142e+00,-3.779703125000000163e+00
0.000000000000000000e+00,-4.268828124999999751e+00,-3.779171875000000291e+00
0.000000000000000000e+00,-4.267312500000000064e+00,-3.779656249999999940e+00
-3.637390625000000099e+00,-4.264968750000000419e+00,-3.778312500000000185e+00
-3.634515625000000139e+00,-4.264859375000000341e+00,-3.778406250000000188e+00
0.000000000000000000e+00,-4.260749999999999815e+00,-3.775062500000000210e+00
-3.634078125000000270e+00,-4.259937500000000377e+00,-3.771171875000000284e+00
-3.633015625000000082e+00,-4.259593750000000512e+00,-3.771140625000000135e+00
-3.631687499999999957e+00,-4.257734375000000071e+00,-3.767015624999999979e+00
-3.630671874999999993e+00,-4.256265625000000163e+00,-3.761437499999999989e+00
0.000000000000000000e+00,-4.254500000000000171e+00,-3.758171874999999940e+00
0.000000000000000000e+00,-4.253328125000000348e+00,-3.753984374999999929e+00
0.000000000000000000e+00,-4.253093749999999673e+00,-3.753984374999999929e+00
-3.632656250000000142e+00,-4.252281250000000234e+00,-3.747578124999999982e+00
-3.633968750000000192e+00,-4.251546874999999837e+00,-3.744375000000000231e+00
-3.634765625000000000e+00,-4.250375000000000014e+00,-3.740562500000000234e+00
-3.636546875000000068e+00,-4.249578125000000206e+00,-3.735625000000000195e+00
-3.638374999999999915e+00,-4.248718750000000099e+00,-3.732765624999999865e+00
-3.641640624999999964e+00,-4.246999999999999886e+00,-3.731984375000000131e+00
0.000000000000000000e+00,-4.246703124999999801e+00,-3.731906250000000203e+00
0.000000000000000000e+00,-4.247140625000000114e+00,-3.730343750000000291e+00
0.000000000000000000e+00,-4.245656249999999687e+00,-3.728843750000000234e+00
0.000000000000000000e+00,-4.244093750000000220e+00,-3.726750000000000007e+00
-3.657203125000000110e+00,-4.243203124999999964e+00,-3.727859374999999975e+00
-3.660015625000000217e+00,-4.243203124999999964e+00,-3.724687499999999929e+00
-3.663140625000000039e+00,-4.241687500000000277e+00,-3.726328125000000213e+00
-3.666531250000000242e+00,-4.240484375000000306e+00,-3.725500000000000256e+00
-3.669843750000000071e+00,-4.239953125000000433e+00,-3.724687499999999929e+00
-3.672640625000000103e+00,-4.239296874999999964e+00,-3.725406250000000252e+00
-3.675515625000000064e+00,-4.237796874999999908e+00,-3.723640625000000259e+00
-3.678609375000000181e+00,-4.236328125000000000e+00,-3.725984374999999904e+00
-3.681249999999999911e+00,-4.235500000000000043e+00,-3.726609375000000224e+00
0.000000000000000000e+00,-4.234406250000000149e+00,-3.725734375000000043e+00
-3.686281249999999954e+00,-4.233203125000000178e+00,-3.727296874999999954e+00
-3.688703124999999972e+00,-4.232999999999999652e+00,-3.728218749999999915e+00
-3.690984375000000206e+00,-4.231031250000000021e+00,-3.729984374999999908e+00
-3.692109375000000249e+00,-4.229359375000000476e+00,-3.732640625000000156e+00
-3.693328125000000295e+00,-4.226796874999999787e+00,-3.732468750000000224e+00
-3.695640625000000234e+00,-4.225921875000000050e+00,-3.732796875000000014e+00
-3.697296875000000149e+00,-4.224171874999999687e+00,-3.733453125000000039e+00
-3.698765625000000057e+00,-4.223281250000000320e+00,-3.737578125000000195e+00
0.000000000000000000e+00,-4.221953124999999751e+00,-3.737968750000000284e+00
-3.699156250000000146e+00,-4.220875000000000377e+00,-3.736874999999999947e+00
-3.698343750000000263e+00,-4.220390625000000284e+00,-3.739125000000000032e+00
-3.697046875000000288e+00,-4.218281250000000426e+00,-3.739265625000000259e+00
-3.695703125000000089e+00,-4.216062500000000490e+00,-3.739015624999999954e+00
0.000000000000000000e+00,-4.214781249999999702e+00,-3.737671875000000199e+00
0.000000000000000000e+00,-4.213625000000000398e+00,-3.739562499999999901e+00
0.000000000000000000e+00,-4.213499999999999801e+00,-3.743421875000000121e+00
-3.691468750000000298e+00,-4.211468749999999872e+00,-3.740796875000000021e+00
-3.689421875000000295e+00,-4.211000000000000298e+00,-3.742734374999999947e+00
-3.687812500000000160e+00,-4.209249999999999936e+00,-3.743359375000000266e+00
-3.684468750000000181e+00,-4.207812500000000178e+00,-3.744906250000000103e+00
-3.682343750000000249e+00,-4.204953125000000291e+00,-3.745734375000000060e+00
-3.679812500000000153e+00,-4.203765624999999950e+00,-3.743953124999999993e+00
-3.678609375000000181e+00,-4.202406250000000121e+00,-3.745859375000000213e+00
-3.676703124999999961e+00,-4.202359375000000341e+00,-3.748062500000000075e+00
0.000000000000000000e+00,-4.201921875000000028e+00,-3.748406249999999940e+00
-3.673484375000000135e+00,-4.202374999999999972e+00,-3.748468750000000238e+00
-3.671312499999999979e+00,-4.203421875000000085e+00,-3.751562499999999911e+00
0.000000000000000000e+00,-4.202906249999999844e+00,-3.751953125000000000e+00
-3.669359374999999979e+00,-4.201734375000000021e+00,-3.752499999999999947e+00
-3.667124999999999968e+00,-4.204250000000000043e+00,-3.759046875000000121e+00
0.000000000000000000e+00,-4.204968749999999922e+00,-3.757562500000000139e+00
-3.667015624999999890e+00,-4.205062500000000369e+00,-3.759406250000000060e+00
-3.664953125000000256e+00,-4.208218750000000341e+00,-3.763296874999999986e+00
0.000000000000000000e+00,-4.208484375000000277e+00,-3.762999999999999901e+00
0.000000000000000000e+00,-4.210890625000000220e+00,-3.763484374999999993e+00
-3.663093750000000259e+00,-4.214187500000000419e+00,-3.764828125000000192e+00
-3.662187499999999929e+00,-4.215890625000000114e+00,-3.763953125000000011e+00
0.000000000000000000e+00,-4.218203125000000497e+00,-3.765656250000000149e+00
0.000000000000000000e+00,-4.219578124999999957e+00,-3.764625000000000110e+00
0.000000000000000000e+00,-4.223687500000000483e+00,-3.766781250000000192e+00
0.000000000000000000e+00,-4.225953125000000199e+00,-3.765265625000000060e+00
-3.659609375000000053e+00,-4.228390625000000291e+00,-3.766078124999999943e+00
-3.659343750000000117e+00,-4.231171875000000249e+00,-3.765874999999999861e+00
-3.658234375000000149e+00,-4.233640625000000490e+00,-3.765625000000000000e+00
-3.656937500000000174e+00,-4.237031250000000249e+00,-3.764250000000000096e+00
-3.658359374999999858e+00,-4.239640624999999829e+00,-3.763765625000000004e+00
-3.659046875000000032e+00,-4.243921874999999844e+00,-3.765562500000000146e+00
-3.656968749999999879e+00,-4.246921874999999957e+00,-3.764640625000000185e+00
-3.657156249999999886e+00,-4.248296875000000306e+00,-3.763640625000000295e+00
-3.657093750000000032e+00,-4.252484374999999872e+00,-3.761609374999999922e+00
-3.658046875000000142e+00,-4.255843750000000369e+00,-3.762953125000000121e+00
-3.656609374999999940e+00,-4.258921875000000412e+00,-3.760499999999999954e+00
-3.658312500000000078e+00,-4.262109374999999645e+00,-3.758000000000000007e+00
-3.658890625000000174e+00,-4.266375000000000028e+00,-3.760015624999999861e+00
-3.659843750000000284e+00,-4.269328125000000362e+00,-3.756828125000000185e+00
-3.661937500000000068e+00,-4.273046875000000355e+00,-3.756562500000000249e+00
-3.663343750000000121e+00,-4.275828125000000313e+00,-3.757500000000000284e+00
-3.665593750000000206e+00,-4.278937500000000504e+00,-3.755890625000000149e+00
-3.667046875000000039e+00,-4.282156249999999886e+00,-3.755421875000000131e+00
-3.666984375000000185e+00,-4.285046874999999922e+00,-3.752625000000000099e+00
-3.669656250000000064e+00,-4.287765625000000469e+00,-3.751578124999999986e+00
-3.671484374999999911e+00,-4.292234375000000490e+00,-3.749000000000000110e+00
-3.674265624999999869e+00,-4.295250000000000234e+00,-3.746375000000000011e+00
-3.677796875000000298e+00,-4.299562500000000398e+00,-3.748031249999999925e+00
-3.679296874999999911e+00,-4.301953124999999822e+00,-3.745500000000000274e+00
-3.681046875000000274e+00,-4.304249999999999687e+00,-3.743343750000000192e+00
-3.683953124999999940e+00,-4.305906250000000490e+00,-3.740015625000000288e+00
-3.685750000000000082e+00,-4.308625000000000149e+00,-3.739843749999999911e+00
-3.689093750000000060e+00,-4.310046875000000277e+00,-3.739578124999999975e+00
-3.691968750000000021e+00,-4.312828125000000234e+00,-3.737937500000000135e+00
-3.694187499999999957e+00,-4.313875000000000348e+00,-3.737140624999999883e+00
-3.697171874999999996e+00,-4.315328124999999737e+00,-3.736890625000000021e+00
-3.699609375000000089e+00,-4.316968750000000021e+00,-3.734531249999999858e+00
-3.702125000000000110e+00,-4.318000000000000504e+00,-3.733312500000000256e+00
-3.704359375000000121e+00,-4.319968750000000135e+00,-3.735015624999999950e+00
0.000000000000000000e+00,-4.321374999999999744e+00,-3.736859374999999872e+00
-3.707281249999999861e+00,-4.321125000000000327e+00,-3.736312499999999925e+00
-3.708031249999999890e+00,-4.321734375000000128e+00,-3.738953125000000099e+00
-3.708718750000000064e+00,-4.321234375000000405e+00,-3.739062500000000178e+00
-3.709781250000000252e+00,-4.321968749999999915e+00,-3.740531250000000085e+00
-3.710093749999999968e+00,-4.321015625000000249e+00,-3.740140624999999996e+00
-3.710828124999999922e+00,-4.319781250000000128e+00,-3.742453124999999936e+00
0.000000000000000000e+00,-4.318578125000000156e+00,-3.743437500000000195e+00
0.000000000000000000e+00,-4.318624999999999936e+00,-3.744375000000000231e+00
0.000000000000000000e+00,-4.316218749999999993e+00,-3.745249999999999968e+00
-3.708390625000000274e+00,-4.313687500000000341e+00,-3.747031250000000036e+00
-3.706734374999999915e+00,-4.312484375000000369e+00,-3.746750000000000025e+00
-3.704453125000000124e+00,-4.310687500000000227e+00,-3.747546875000000277e+00
-3.702578125000000053e+00,-4.307171874999999872e+00,-3.745765625000000210e+00
0.000000000000000000e+00,-4.303906249999999822e+00,-3.746406250000000160e+00
0.000000000000000000e+00,-4.301750000000000185e+00,-3.746609375000000242e+00
-3.695531250000000156e+00,-4.298890625000000298e+00,-3.749000000000000110e+00
-3.693249999999999922e+00,-4.295093750000000377e+00,-3.748671874999999876e+00
-3.689750000000000085e+00,-4.293156250000000007e+00,-3.749421874999999904e+00
-3.687625000000000153e+00,-4.290015624999999666e+00,-3.750609375000000245e+00
-3.683890625000000085e+00,-4.286765625000000135e+00,-3.751421875000000128e+00
-3.681140625000000277e+00,-4.282828124999999986e+00,-3.752765624999999883e+00
0.000000000000000000e+00,-4.279843750000000391e+00,-3.752531250000000096e+00
0.000000000000000000e+00,-4.276250000000000107e+00,-3.755093749999999897e+00
0.000000000000000000e+00,-4.273609375000000377e+00,-3.757578125000000213e+00
-3.668375000000000163e+00,-4.269000000000000128e+00,-3.756671874999999883e+00
-3.665546874999999982e+00,-4.265890624999999936e+00,-3.758609375000000252e+00
-3.661765625000000135e+00,-4.262406249999999730e+00,-3.758781250000000185e+00
-3.657843750000000060e+00,-4.257906250000000448e+00,-3.757093750000000121e+00
-3.652578125000000231e+00,-4.255640624999999844e+00,-3.755937499999999929e+00
-3.649937500000000057e+00,-4.251906250000000220e+00,-3.755625000000000213e+00
0.000000000000000000e+00,-4.249843750000000142e+00,-3.760343750000000096e+00
-3.644125000000000281e+00,-4.247390625000000419e+00,-3.761265625000000057e+00
-3.641765625000000117e+00,-4.243249999999999744e+00,-3.760656250000000256e+00
0.000000000000000000e+00,-4.240250000000000519e+00,-3.765390625000000213e+00
-3.638343750000000210e+00,-4.237984374999999915e+00,-3.764140625000000018e+00
-3.634890625000000153e+00,-4.236734375000000163e+00,-3.768312499999999954e+00
0.000000000000000000e+00,-4.233843750000000128e+00,-3.767921874999999865e+00
0.000000000000000000e+00,-4.231203125000000398e+00,-3.768703125000000043e+00
-3.629953125000000114e+00,-4.230937500000000462e+00,-3.769109375000000206e+00
-3.627046875000000004e+00,-4.230421875000000220e+00,-3.768671874999999893e+00
-3.625093750000000004e+00,-4.227453125000000256e+00,-3.768234375000000025e+00
-3.622875000000000068e+00,-4.226593750000000149e+00,-3.769671875000000227e+00
0.000000000000000000e+00,-4.224187500000000206e+00,-3.769312500000000288e+00
0.000000000000000000e+00,-4.224890625000000455e+00,-3.769703124999999932e+00
0.000000000000000000e+00,-4.224546874999999702e+00,-3.773187500000000139e+00
0.000000000000000000e+00,-4.223687500000000483e+00,-3.772140625000000025e+00
0.000000000000000000e+00,-4.223749999999999893e+00,-3.772703125000000046e+00
-3.620671875000000206e+00,-4.223796874999999673e+00,-3.769562500000000149e+00
-3.621265624999999932e+00,-4.223296874999999950e+00,-3.771875000000000089e+00
-3.621046875000000220e+00,-4.222968749999999716e+00,-3.771796875000000160e+00
-3.621437499999999865e+00,-4.222500000000000142e+00,-3.769625000000000004e+00
0.000000000000000000e+00,-4.223625000000000185e+00,-3.768328125000000028e+00
-3.623031249999999925e+00,-4.225062499999999943e+00,-3.768468750000000256e+00
-3.623890625000000032e+00,-4.224906250000000085e+00,-3.765828125000000082e+00
0.000000000000000000e+00,-4.225531250000000405e+00,-3.764359375000000174e+00
-3.626109374999999968e+00,-4.226250000000000284e+00,-3.761874999999999858e+00
-3.627515625000000021e+00,-4.228374999999999773e+00,-3.758984375000000266e+00
-3.627906250000000110e+00,-4.228828124999999716e+00,-3.760375000000000245e+00
-3.629390625000000092e+00,-4.229250000000000398e+00,-3.758515625000000249e+00
0.000000000000000000e+00,-4.230796875000000234e+00,-3.757328124999999908e+00
0.000000000000000000e+00,-4.232499999999999929e+00,-3.756453125000000171e+00
-3.636031250000000270e+00,-4.235187500000000327e+00,-3.754937500000000039e+00
-3.638843749999999932e+00,-4.237109375000000178e+00,-3.752453125000000167e+00
-3.639859374999999897e+00,-4.238265625000000369e+00,-3.752562500000000245e+00
-3.641781250000000192e+00,-4.239015625000000398e+00,-3.750375000000000014e+00
-3.644515624999999925e+00,-4.241234375000000334e+00,-3.751171875000000266e+00
-3.648546875000000078e+00,-4.242093750000000441e+00,-3.750187500000000007e+00
0.000000000000000000e+00,-4.244796875000000469e+00,-3.749500000000000277e+00
0.000000000000000000e+00,-4.245531249999999979e+00,-3.749281250000000121e+00
0.000000000000000000e+00,-4.248656249999999801e+00,-3.747953124999999996e+00
0.000000000000000000e+00,-4.250468750000000462e+00,-3.746359374999999936e+00
0.000000000000000000e+00,-4.253000000000000114e+00,-3.747015624999999961e+00
0.000000000000000000e+00,-4.254296874999999645e+00,-3.741890624999999915e+00
0.000000000000000000e+00,-4.257937499999999709e+00,-3.741000000000000103e+00
-3.678656249999999961e+00,-4.260218749999999943e+00,-3.739343750000000188e+00
-3.682250000000000245e+00,-4.263531249999999773e+00,-3.739890625000000135e+00
-3.686437500000000256e+00,-4.265109374999999758e+00,-3.738328125000000224e+00
-3.689437499999999925e+00,-4.267421875000000142e+00,-3.733453125000000039e+00
-3.693750000000000089e+00,-4.268859374999999901e+00,-3.731359375000000256e+00
-3.696859375000000281e+00,-4.271828124999999865e+00,-3.728562500000000224e+00
0.000000000000000000e+00,-4.273437500000000000e+00,-3.726046875000000203e+00
-3.704984374999999996e+00,-4.275593750000000526e+00,-3.725546875000000036e+00
-3.706546874999999908e+00,-4.278937500000000504e+00,-3.726250000000000284e+00
0.000000000000000000e+00,-4.277375000000000149e+00,-3.724609375000000000e+00
-3.713656250000000103e+00,-4.280296875000000334e+00,-3.723312500000000025e+00
-3.715031250000000007e+00,-4.281796875000000391e+00,-3.725062499999999943e+00
0.000000000000000000e+00,-4.280921874999999766e+00,-3.725437499999999957e+00
0.000000000000000000e+00,-4.281562499999999716e+00,-3.724968749999999940e+00
0.000000000000000000e+00,-4.281374999999999709e+00,-3.725406250000000252e+00
0.000000000000000000e+00,-4.282359375000000412e+00,-3.727515625000000110e+00
0.000000000000000000e+00,-4.282843750000000504e+00,-3.728796875000000011e+00
-3.721406250000000249e+00,-4.281515624999999936e+00,-3.728812500000000085e+00
-3.722140625000000203e+00,-4.281125000000000291e+00,-3.729968750000000277e+00
-3.720203125000000277e+00,-4.280671875000000348e+00,-3.733624999999999972e+00
-3.719718750000000185e+00,-4.279781250000000092e+00,-3.734078124999999915e+00
0.000000000000000000e+00,-4.278624999999999901e+00,-3.737015625000000174e+00
0.000000000000000000e+00,-4.277468749999999709e+00,-3.736484374999999858e+00
-3.716531250000000064e+00,-4.278421875000000263e+00,-3.739859374999999986e+00
-3.715312500000000018e+00,-4.276796875000000497e+00,-3.743515625000000124e+00
-3.713515624999999876e+00,-4.276437500000000114e+00,-3.744656250000000242e+00
-3.712703124999999993e+00,-4.274812500000000348e+00,-3.749156249999999968e+00
0.000000000000000000e+00,-4.274124999999999730e+00,-3.750046875000000224e+00
0.000000000000000000e+00,-4.272531250000000114e+00,-3.753921875000000075e+00
0.000000000000000000e+00,-4.272453125000000185e+00,-3.758875000000000188e+00
0.000000000000000000e+00,-4.271171875000000284e+00,-3.757703124999999922e+00
0.000000000000000000e+00,-4.269906250000000014e+00,-3.759562499999999918e+00
0.000000000000000000e+00,-4.269124999999999837e+00,-3.761375000000000135e+00
-3.693468750000000078e+00,-4.268562499999999815e+00,-3.760421875000000025e+00
-3.689703124999999861e+00,-4.267593750000000519e+00,-3.761281250000000131e+00
-3.686171874999999876e+00,-4.266593750000000185e+00,-3.760187500000000238e+00
-3.681968750000000234e+00,-4.266656250000000483e+00,-3.761984374999999936e+00
0.000000000000000000e+00,-4.264999999999999680e+00,-3.761546875000000068e+00
0.000000000000000000e+00,-4.264046875000000014e+00,-3.761968749999999861e+00
-3.673484375000000135e+00,-4.263796874999999709e+00,-3.764390624999999879e+00
-3.668796874999999957e+00,-4.263749999999999929e+00,-3.768437500000000107e+00
-3.664312499999999861e+00,-4.263312500000000504e+00,-3.767203124999999986e+00
-3.660406249999999861e+00,-4.261406250000000284e+00,-3.767718750000000227e+00
-3.656390625000000227e+00,-4.260578125000000327e+00,-3.766671875000000114e+00
-3.653156249999999883e+00,-4.260406249999999950e+00,-3.766781250000000192e+00
0.000000000000000000e+00,-4.261296875000000206e+00,-3.768578124999999890e+00
0.000000000000000000e+00,-4.259609375000000142e+00,-3.766171874999999947e+00
0.000000000000000000e+00,-4.259500000000000064e+00,-3.767093749999999908e+00
0.000000000000000000e+00,-4.260156249999999645e+00,-3.767015624999999979e+00
-3.634937499999999932e+00,-4.259546874999999844e+00,-3.767312500000000064e+00
-3.630875000000000075e+00,-4.259671875000000441e+00,-3.765375000000000139e+00
-3.627390624999999869e+00,-4.259437499999999766e+00,-3.767312500000000064e+00
-3.624624999999999986e+00,-4.257968749999999858e+00,-3.768703125000000043e+00
-3.621265624999999932e+00,-4.257906250000000448e+00,-3.768874999999999975e+00
-3.618906250000000213e+00,-4.257359375000000057e+00,-3.767234375000000135e+00
-3.617609375000000238e+00,-4.257203125000000199e+00,-3.769703124999999932e+00
0.000000000000000000e+00,-4.258171875000000384e+00,-3.768890625000000050e+00
-3.614968750000000064e+00,-4.258453124999999950e+00,-3.768187500000000245e+00
-3.612734375000000053e+00,-4.259375000000000355e+00,-3.767265625000000284e+00
-3.611124999999999918e+00,-4.259562500000000362e+00,-3.768421875000000032e+00
-3.610156250000000178e+00,-4.259609375000000142e+00,-3.767500000000000071e+00
0.000000000000000000e+00,-4.261093749999999680e+00,-3.766015625000000089e+00
-3.609984375000000245e+00,-4.261046874999999901e+00,-3.764671874999999890e+00
-3.610796875000000128e+00,-4.262234375000000242e+00,-3.765703124999999929e+00
-3.611296875000000295e+00,-4.263437500000000213e+00,-3.768234375000000025e+00
-3.613328125000000224e+00,-4.263984374999999716e+00,-3.767609375000000149e+00
-3.615843750000000245e+00,-4.264984375000000050e+00,-3.768578124999999890e+00
0.000000000000000000e+00,-4.267421875000000142e+00,-3.770156249999999876e+00
